epoch,time,train/box_loss,train/cls_loss,train/dfl_loss,metrics/precision(B),metrics/recall(B),metrics/mAP50(B),metrics/mAP50-95(B),val/box_loss,val/cls_loss,val/dfl_loss,lr/pg0,lr/pg1,lr/pg2
1,64.7793,2.06574,3.73613,2.15881,0.02509,0.29623,0.01837,0.00679,2.0062,4.12102,2.13318,0.0001625,0.0001625,0.0001625
2,128.101,1.69193,3.56985,1.85593,0.05827,0.45008,0.05299,0.02371,1.86291,4.0948,2.11793,0.000326362,0.000326362,0.000326362
3,192.039,1.66048,3.45467,1.79268,0.03681,0.52985,0.05074,0.02241,1.96742,4.10035,2.21213,0.000478675,0.000478675,0.000478675
