epoch,time,train/box_loss,train/cls_loss,train/dfl_loss,metrics/precision(B),metrics/recall(B),metrics/mAP50(B),metrics/mAP50-95(B),val/box_loss,val/cls_loss,val/dfl_loss,lr/pg0,lr/pg1,lr/pg2
1,14.6853,2.08775,3.69424,1.98575,0.00778,0.45684,0.0647,0.02927,1.64602,3.64002,1.6266,0.000408805,0.000408805,0.000408805
2,28.6595,1.84949,3.47281,1.80029,0.40485,0.04492,0.07189,0.03288,1.77576,3.5099,1.70797,0.00074375,0.00074375,0.00074375
