epoch,time,train/box_loss,train/cls_loss,train/dfl_loss,metrics/precision(B),metrics/recall(B),metrics/mAP50(B),metrics/mAP50-95(B),val/box_loss,val/cls_loss,val/dfl_loss,lr/pg0,lr/pg1,lr/pg2
1,14.6313,2.08775,3.69424,1.98575,0.00778,0.45684,0.0647,0.02927,1.64602,3.64002,1.6266,0.000408805,0.000408805,0.000408805
2,28.6305,1.84949,3.47281,1.80029,0.40485,0.04492,0.07189,0.03288,1.77576,3.5099,1.70797,0.00074375,0.00074375,0.00074375
3,42.6907,1.82374,3.3512,1.76996,0.06091,0.13912,0.0595,0.02415,1.97468,3.5751,1.78174,0.000996195,0.000996195,0.000996195
4,56.6718,1.90842,3.23598,1.80181,0.36454,0.16634,0.09126,0.0371,1.87027,3.35696,1.71406,0.00087875,0.00087875,0.00087875
5,70.657,1.89292,3.02577,1.77243,0.37795,0.20483,0.13973,0.06074,1.84061,3.13387,1.67539,0.000755,0.000755,0.000755
6,84.6481,1.81365,2.83594,1.72413,0.37539,0.21862,0.15054,0.07292,1.75149,2.94688,1.57601,0.00063125,0.00063125,0.00063125
